Date,Delhi,Mumbai,Chennai,Kolkata
31-Mar-26,87.67,90.03,92.39,92.02
30-Mar-26,87.67,90.03,92.39,92.02
29-Mar-26,87.67,90.03,92.39,92.02
28-Mar-26,87.67,90.03,92.39,92.02
27-Mar-26,87.67,90.03,92.39,92.02
26-Mar-26,87.67,90.03,92.39,92.02
25-Mar-26,87.67,90.03,92.39,92.02
24-Mar-26,87.67,90.03,92.39,92.02
23-Mar-26,87.67,90.03,92.39,92.02
22-Mar-26,87.67,90.03,92.39,92.02
21-Mar-26,87.67,90.03,92.39,92.02
20-Mar-26,87.67,90.03,92.39,92.02
19-Mar-26,87.67,90.03,92.39,92.02
18-Mar-26,87.67,90.03,92.39,92.02
17-Mar-26,87.67,90.03,92.39,92.02
16-Mar-26,87.67,90.03,92.39,92.02
15-Mar-26,87.67,90.03,92.39,92.02
14-Mar-26,87.67,90.03,92.39,92.02
13-Mar-26,87.67,90.03,92.39,92.02
12-Mar-26,87.67,90.03,92.39,92.02
11-Mar-26,87.67,90.03,92.39,92.02
10-Mar-26,87.67,90.03,92.39,92.02
09-Mar-26,87.67,90.03,92.39,92.02
08-Mar-26,87.67,90.03,92.39,92.02
07-Mar-26,87.67,90.03,92.39,92.02
06-Mar-26,87.67,90.03,92.39,92.02
05-Mar-26,87.67,90.03,92.39,92.02
04-Mar-26,87.67,90.03,92.39,92.02
03-Mar-26,87.67,90.03,92.39,92.02
02-Mar-26,87.67,90.03,92.39,92.02
01-Mar-26,87.67,90.03,92.39,92.02
28-Feb-26,87.67,90.03,92.39,92.02
27-Feb-26,87.67,90.03,92.39,92.02
26-Feb-26,87.67,90.03,92.39,92.02
25-Feb-26,87.67,90.03,92.39,92.02
24-Feb-26,87.67,90.03,92.39,92.02
23-Feb-26,87.67,90.03,92.39,92.02
22-Feb-26,87.67,90.03,92.39,92.02
21-Feb-26,87.67,90.03,92.39,92.02
20-Feb-26,87.67,90.03,92.39,92.02
19-Feb-26,87.67,90.03,92.39,92.02
18-Feb-26,87.67,90.03,92.39,92.02
17-Feb-26,87.67,90.03,92.39,92.02
16-Feb-26,87.67,90.03,92.39,92.02
15-Feb-26,87.67,90.03,92.39,92.02
14-Feb-26,87.67,90.03,92.39,92.02
13-Feb-26,87.67,90.03,92.39,92.02
12-Feb-26,87.67,90.03,92.39,92.02
11-Feb-26,87.67,90.03,92.39,92.02
10-Feb-26,87.67,90.03,92.39,92.02
09-Feb-26,87.67,90.03,92.39,92.02
08-Feb-26,87.67,90.03,92.39,92.02
07-Feb-26,87.67,90.03,92.39,92.02
06-Feb-26,87.67,90.03,92.39,92.02
05-Feb-26,87.67,90.03,92.39,92.02
04-Feb-26,87.67,90.03,92.39,92.02
03-Feb-26,87.67,90.03,92.39,92.02
02-Feb-26,87.67,90.03,92.39,92.02
01-Feb-26,87.67,90.03,92.39,92.02
31-Jan-26,87.67,90.03,92.39,92.02
30-Jan-26,87.67,90.03,92.39,92.02
29-Jan-26,87.67,90.03,92.39,92.02
28-Jan-26,87.67,90.03,92.39,92.02
27-Jan-26,87.67,90.03,92.39,92.02
26-Jan-26,87.67,90.03,92.39,92.02
25-Jan-26,87.67,90.03,92.39,92.02
24-Jan-26,87.67,90.03,92.39,92.02
23-Jan-26,87.67,90.03,92.39,92.02
22-Jan-26,87.67,90.03,92.39,92.02
21-Jan-26,87.67,90.03,92.39,92.02
20-Jan-26,87.67,90.03,92.39,92.02
19-Jan-26,87.67,90.03,92.39,92.02
18-Jan-26,87.67,90.03,92.39,92.02
17-Jan-26,87.67,90.03,92.39,92.02
16-Jan-26,87.67,90.03,92.39,92.02
15-Jan-26,87.67,90.03,92.39,92.02
14-Jan-26,87.67,90.03,92.39,92.02
13-Jan-26,87.67,90.03,92.39,92.02
12-Jan-26,87.67,90.03,92.39,92.02
11-Jan-26,87.67,90.03,92.39,92.02
10-Jan-26,87.67,90.03,92.39,92.02
09-Jan-26,87.67,90.03,92.39,92.02
08-Jan-26,87.67,90.03,92.39,92.02
07-Jan-26,87.67,90.03,92.39,92.02
06-Jan-26,87.67,90.03,92.39,92.02
05-Jan-26,87.67,90.03,92.39,92.02
04-Jan-26,87.67,90.03,92.39,92.02
03-Jan-26,87.67,90.03,92.39,92.02
02-Jan-26,87.67,90.03,92.39,92.02
01-Jan-26,87.67,90.03,92.39,92.02
31-Dec-25,87.67,90.03,92.39,92.02
30-Dec-25,87.67,90.03,92.39,92.02
29-Dec-25,87.67,90.03,92.39,92.02
28-Dec-25,87.67,90.03,92.39,92.02
28-Dec-25,87.67,90.03,92.39,92.02
27-Dec-25,87.67,90.03,92.39,92.02
26-Dec-25,87.67,90.03,92.39,92.02
25-Dec-25,87.67,90.03,92.39,92.02
24-Dec-25,87.67,90.03,92.39,92.02
23-Dec-25,87.67,90.03,92.39,92.02
22-Dec-25,87.67,90.03,92.39,92.02
21-Dec-25,87.67,90.03,92.39,92.02
20-Dec-25,87.67,90.03,92.39,92.02
19-Dec-25,87.67,90.03,92.39,92.02
18-Dec-25,87.67,90.03,92.39,92.02
17-Dec-25,87.67,90.03,92.39,92.02
16-Dec-25,87.67,90.03,92.39,92.02
15-Dec-25,87.67,90.03,92.39,92.02
14-Dec-25,87.67,90.03,92.39,92.02
13-Dec-25,87.67,90.03,92.39,92.02
12-Dec-25,87.67,90.03,92.39,92.02
11-Dec-25,87.67,90.03,92.39,92.02
10-Dec-25,87.67,90.03,92.39,92.02
09-Dec-25,87.67,90.03,92.39,92.02
08-Dec-25,87.67,90.03,92.39,92.02
07-Dec-25,87.67,90.03,92.39,92.02
06-Dec-25,87.67,90.03,92.39,92.02
05-Dec-25,87.67,90.03,92.39,92.02
04-Dec-25,87.67,90.03,92.39,92.02
03-Dec-25,87.67,90.03,92.39,92.02
02-Dec-25,87.67,90.03,92.39,92.02
01-Dec-25,87.67,90.03,92.39,92.02
30-Nov-25,87.67,90.03,92.39,92.02
29-Nov-25,87.67,90.03,92.39,92.02
28-Nov-25,87.67,90.03,92.39,92.02
27-Nov-25,87.67,90.03,92.39,92.02
26-Nov-25,87.67,90.03,92.39,92.02
25-Nov-25,87.67,90.03,92.39,92.02
24-Nov-25,87.67,90.03,92.39,92.02
23-Nov-25,87.67,90.03,92.39,92.02
22-Nov-25,87.67,90.03,92.39,92.02
21-Nov-25,87.67,90.03,92.39,92.02
20-Nov-25,87.67,90.03,92.39,92.02
19-Nov-25,87.67,90.03,92.39,92.02
18-Nov-25,87.67,90.03,92.39,92.02
17-Nov-25,87.67,90.03,92.39,92.02
16-Nov-25,87.67,90.03,92.39,92.02
15-Nov-25,87.67,90.03,92.39,92.02
14-Nov-25,87.67,90.03,92.39,92.02
13-Nov-25,87.67,90.03,92.39,92.02
12-Nov-25,87.67,90.03,92.39,92.02
11-Nov-25,87.67,90.03,92.39,92.02
10-Nov-25,87.67,90.03,92.39,92.02
09-Nov-25,87.67,90.03,92.39,92.02
08-Nov-25,87.67,90.03,92.39,92.02
07-Nov-25,87.67,90.03,92.39,92.02
06-Nov-25,87.67,90.03,92.39,92.02
05-Nov-25,87.67,90.03,92.39,92.02
04-Nov-25,87.67,90.03,92.39,92.02
03-Nov-25,87.67,90.03,92.39,92.02
02-Nov-25,87.67,90.03,92.39,92.02
01-Nov-25,87.67,90.03,92.39,92.02
31-Oct-25,87.67,90.03,92.39,92.02
30-Oct-25,87.67,90.03,92.39,92.02
29-Oct-25,87.67,90.03,92.39,92.02
28-Oct-25,87.67,90.03,92.39,92.02
27-Oct-25,87.67,90.03,92.39,92.02
26-Oct-25,87.67,90.03,92.39,92.02
25-Oct-25,87.67,90.03,92.39,92.02
24-Oct-25,87.67,90.03,92.39,92.02
23-Oct-25,87.67,90.03,92.39,92.02
22-Oct-25,87.67,90.03,92.39,92.02
21-Oct-25,87.67,90.03,92.39,92.02
20-Oct-25,87.67,90.03,92.39,92.02
19-Oct-25,87.67,90.03,92.39,92.02
18-Oct-25,87.67,90.03,92.39,92.02
17-Oct-25,87.67,90.03,92.39,92.02
16-Oct-25,87.67,90.03,92.39,92.02
15-Oct-25,87.67,90.03,92.39,92.02
14-Oct-25,87.67,90.03,92.39,92.02
13-Oct-25,87.67,90.03,92.39,92.02
12-Oct-25,87.67,90.03,92.39,92.02
11-Oct-25,87.67,90.03,92.39,92.02
10-Oct-25,87.67,90.03,92.39,92.02
09-Oct-25,87.67,90.03,92.39,92.02
08-Oct-25,87.67,90.03,92.39,92.02
07-Oct-25,87.67,90.03,92.39,92.02
06-Oct-25,87.67,90.03,92.39,92.02
05-Oct-25,87.67,90.03,92.39,92.02
04-Oct-25,87.67,90.03,92.39,92.02
03-Oct-25,87.67,90.03,92.39,92.02
02-Oct-25,87.67,90.03,92.39,92.02
01-Oct-25,87.67,90.03,92.39,92.02
30-Sep-25,87.67,90.03,92.39,92.02
29-Sep-25,87.67,90.03,92.39,92.02
28-Sep-25,87.67,90.03,92.39,92.02
27-Sep-25,87.67,90.03,92.39,92.02
26-Sep-25,87.67,90.03,92.39,92.02
25-Sep-25,87.67,90.03,92.39,92.02
24-Sep-25,87.67,90.03,92.39,92.02
23-Sep-25,87.67,90.03,92.39,92.02
22-Sep-25,87.67,90.03,92.39,92.02
21-Sep-25,87.67,90.03,92.39,92.02
20-Sep-25,87.67,90.03,92.39,92.02
19-Sep-25,87.67,90.03,92.39,92.02
18-Sep-25,87.67,90.03,92.39,92.02
17-Sep-25,87.67,90.03,92.39,92.02
16-Sep-25,87.67,90.03,92.39,92.02
15-Sep-25,87.67,90.03,92.39,92.02
14-Sep-25,87.67,90.03,92.39,92.02
13-Sep-25,87.67,90.03,92.39,92.02
12-Sep-25,87.67,90.03,92.39,92.02
11-Sep-25,87.67,90.03,92.39,92.02
10-Sep-25,87.67,90.03,92.39,92.02
09-Sep-25,87.67,90.03,92.39,92.02
08-Sep-25,87.67,90.03,92.39,92.02
07-Sep-25,87.67,90.03,92.39,92.02
06-Sep-25,87.67,90.03,92.39,92.02
05-Sep-25,87.67,90.03,92.39,92.02
04-Sep-25,87.67,90.03,92.39,92.02
03-Sep-25,87.67,90.03,92.39,92.02
02-Sep-25,87.67,90.03,92.39,92.02
01-Sep-25,87.67,90.03,92.39,92.02
31-Aug-25,87.67,90.03,92.39,92.02
30-Aug-25,87.67,90.03,92.39,92.02
29-Aug-25,87.67,90.03,92.39,92.02
28-Aug-25,87.67,90.03,92.39,92.02
27-Aug-25,87.67,90.03,92.39,92.02
26-Aug-25,87.67,90.03,92.39,92.02
25-Aug-25,87.67,90.03,92.39,92.02
24-Aug-25,87.67,90.03,92.39,92.02
23-Aug-25,87.67,90.03,92.39,92.02
22-Aug-25,87.67,90.03,92.39,92.02
21-Aug-25,87.67,90.03,92.39,92.02
20-Aug-25,87.67,90.03,92.39,92.02
19-Aug-25,87.67,90.03,92.39,92.02
18-Aug-25,87.67,90.03,92.39,92.02
17-Aug-25,87.67,90.03,92.39,92.02
16-Aug-25,87.67,90.03,92.39,92.02
15-Aug-25,87.67,90.03,92.39,92.02
14-Aug-25,87.67,90.03,92.39,92.02
13-Aug-25,87.67,90.03,92.39,92.02
12-Aug-25,87.67,90.03,92.39,92.02
11-Aug-25,87.67,90.03,92.39,92.02
10-Aug-25,87.67,90.03,92.39,92.02
09-Aug-25,87.67,90.03,92.39,92.02
08-Aug-25,87.67,90.03,92.39,92.02
07-Aug-25,87.67,90.03,92.39,92.02
06-Aug-25,87.67,90.03,92.39,92.02
05-Aug-25,87.67,90.03,92.39,92.02
04-Aug-25,87.67,90.03,92.39,92.02
03-Aug-25,87.67,90.03,92.39,92.02
02-Aug-25,87.67,90.03,92.39,92.02
01-Aug-25,87.67,90.03,92.39,92.02
31-Jul-25,87.67,90.03,92.39,92.02
30-Jul-25,87.67,90.03,92.39,92.02
29-Jul-25,87.67,90.03,92.39,92.02
28-Jul-25,87.67,90.03,92.39,92.02
27-Jul-25,87.67,90.03,92.39,92.02
26-Jul-25,87.67,90.03,92.39,92.02
25-Jul-25,87.67,90.03,92.39,92.02
24-Jul-25,87.67,90.03,92.39,92.02
23-Jul-25,87.67,90.03,92.39,92.02
22-Jul-25,87.67,90.03,92.39,92.02
21-Jul-25,87.67,90.03,92.39,92.02
20-Jul-25,87.67,90.03,92.39,92.02
19-Jul-25,87.67,90.03,92.39,92.02
18-Jul-25,87.67,90.03,92.39,92.02
17-Jul-25,87.67,90.03,92.39,92.02
16-Jul-25,87.67,90.03,92.39,92.02
15-Jul-25,87.67,90.03,92.39,92.02
14-Jul-25,87.67,90.03,92.39,92.02
13-Jul-25,87.67,90.03,92.39,92.02
12-Jul-25,87.67,90.03,92.39,92.02
11-Jul-25,87.67,90.03,92.39,92.02
10-Jul-25,87.67,90.03,92.39,92.02
09-Jul-25,87.67,90.03,92.39,92.02
08-Jul-25,87.67,90.03,92.39,92.02
07-Jul-25,87.67,90.03,92.39,92.02
06-Jul-25,87.67,90.03,92.39,92.02
05-Jul-25,87.67,90.03,92.39,92.02
04-Jul-25,87.67,90.03,92.39,92.02
03-Jul-25,87.67,90.03,92.39,92.02
02-Jul-25,87.67,90.03,92.39,92.02
01-Jul-25,87.67,90.03,92.39,92.02
30-Jun-25,87.67,90.03,92.39,92.02
29-Jun-25,87.67,90.03,92.39,92.02
28-Jun-25,87.67,90.03,92.39,92.02
27-Jun-25,87.67,90.03,92.39,92.02
26-Jun-25,87.67,90.03,92.39,92.02
25-Jun-25,87.67,90.03,92.39,92.02
24-Jun-25,87.67,90.03,92.39,92.02
23-Jun-25,87.67,90.03,92.39,92.02
22-Jun-25,87.67,90.03,92.39,92.02
21-Jun-25,87.67,90.03,92.39,92.02
20-Jun-25,87.67,90.03,92.39,92.02
19-Jun-25,87.67,90.03,92.39,92.02
18-Jun-25,87.67,90.03,92.39,92.02
17-Jun-25,87.67,90.03,92.39,92.02
16-Jun-25,87.67,90.03,92.39,92.02
15-Jun-25,87.67,90.03,92.39,92.02
14-Jun-25,87.67,90.03,92.39,92.02
13-Jun-25,87.67,90.03,92.39,92.02
12-Jun-25,87.67,90.03,92.39,92.02
11-Jun-25,87.67,90.03,92.39,92.02
10-Jun-25,87.67,90.03,92.39,92.02
09-Jun-25,87.67,90.03,92.39,92.02
08-Jun-25,87.67,90.03,92.39,92.02
07-Jun-25,87.67,90.03,92.39,92.02
06-Jun-25,87.67,90.03,92.39,92.02
05-Jun-25,87.67,90.03,92.39,92.02
04-Jun-25,87.67,90.03,92.39,92.02
03-Jun-25,87.67,90.03,92.39,92.02
02-Jun-25,87.67,90.03,92.39,92.02
01-Jun-25,87.67,90.03,92.39,92.02
31-May-25,87.67,90.03,92.39,92.02
30-May-25,87.67,90.03,92.39,92.02
29-May-25,87.67,90.03,92.39,92.02
28-May-25,87.67,90.03,92.39,92.02
27-May-25,87.67,90.03,92.39,92.02
26-May-25,87.67,90.03,92.39,92.02
25-May-25,87.67,90.03,92.39,92.02
24-May-25,87.67,90.03,92.39,92.02
23-May-25,87.67,90.03,92.39,92.02
22-May-25,87.67,90.03,92.39,92.02
21-May-25,87.67,90.03,92.39,92.02
20-May-25,87.67,90.03,92.39,92.02
19-May-25,87.67,90.03,92.39,92.02
18-May-25,87.67,90.03,92.39,92.02
17-May-25,87.67,90.03,92.39,92.02
16-May-25,87.67,90.03,92.39,92.02
15-May-25,87.67,90.03,92.39,92.02
14-May-25,87.67,90.03,92.39,92.02
13-May-25,87.67,90.03,92.39,92.02
12-May-25,87.67,90.03,92.39,92.02
11-May-25,87.67,90.03,92.39,91.82
10-May-25,87.67,90.03,92.39,91.82
09-May-25,87.67,90.03,92.39,91.82
08-May-25,87.67,90.03,92.39,91.82
07-May-25,87.67,90.03,92.39,91.82
06-May-25,87.67,90.03,92.39,91.82
05-May-25,87.67,90.03,92.39,91.82
04-May-25,87.67,90.03,92.39,91.82
03-May-25,87.67,90.03,92.39,91.82
02-May-25,87.67,90.03,92.39,91.82
01-May-25,87.67,90.03,92.39,91.82
30-Apr-25,87.67,90.03,92.39,91.82
29-Apr-25,87.67,90.03,92.39,91.82
28-Apr-25,87.67,90.03,92.39,91.82
27-Apr-25,87.67,90.03,92.39,91.82
26-Apr-25,87.67,90.03,92.39,91.82
25-Apr-25,87.67,90.03,92.39,91.82
24-Apr-25,87.67,90.03,92.39,91.82
23-Apr-25,87.67,90.03,92.39,91.82
22-Apr-25,87.67,90.03,92.39,91.82
21-Apr-25,87.67,90.03,92.39,91.82
20-Apr-25,87.67,90.03,92.39,91.82
19-Apr-25,87.67,90.03,92.39,91.82
18-Apr-25,87.67,90.03,92.39,91.82
17-Apr-25,87.67,90.03,92.39,91.82
16-Apr-25,87.67,90.03,92.39,91.82
15-Apr-25,87.67,90.03,92.39,91.82
14-Apr-25,87.67,90.03,92.39,91.82
13-Apr-25,87.67,90.03,92.39,91.82
12-Apr-25,87.67,90.03,92.39,91.82
11-Apr-25,87.67,90.03,92.39,91.82
10-Apr-25,87.67,90.03,92.39,91.82
09-Apr-25,87.67,90.03,92.39,91.82
08-Apr-25,87.67,90.03,92.39,91.82
07-Apr-25,87.67,90.03,92.39,91.82
06-Apr-25,87.67,90.03,92.39,91.82
05-Apr-25,87.67,90.03,92.39,91.82
04-Apr-25,87.67,90.03,92.39,91.82
03-Apr-25,87.67,90.03,92.39,91.82
02-Apr-25,87.67,90.03,92.39,91.82
01-Apr-25,87.67,90.03,92.39,91.82
31-Mar-25,87.67,90.03,92.39,91.82
30-Mar-25,87.67,90.03,92.39,91.82
29-Mar-25,87.67,90.03,92.39,91.82
28-Mar-25,87.67,90.03,92.39,91.82
27-Mar-25,87.67,90.03,92.39,91.82
26-Mar-25,87.67,90.03,92.39,91.82
25-Mar-25,87.67,90.03,92.39,91.82
24-Mar-25,87.67,90.03,92.39,91.82
23-Mar-25,87.67,90.03,92.39,91.82
22-Mar-25,87.67,90.03,92.39,91.82
21-Mar-25,87.67,90.03,92.39,91.82
20-Mar-25,87.67,90.03,92.39,91.82
19-Mar-25,87.67,90.03,92.39,91.82
18-Mar-25,87.67,90.03,92.39,91.82
17-Mar-25,87.67,90.03,92.39,91.82
16-Mar-25,87.67,90.03,92.39,91.82
15-Mar-25,87.67,90.03,92.39,91.82
14-Mar-25,87.67,90.03,92.39,91.82
13-Mar-25,87.67,90.03,92.39,91.82
12-Mar-25,87.67,90.03,92.39,91.82
11-Mar-25,87.67,90.03,92.39,91.82
10-Mar-25,87.67,90.03,92.39,91.82
09-Mar-25,87.67,90.03,92.39,91.82
08-Mar-25,87.67,90.03,92.39,91.82
07-Mar-25,87.67,90.03,92.39,91.82
06-Mar-25,87.67,90.03,92.39,91.82
05-Mar-25,87.67,90.03,92.39,91.82
04-Mar-25,87.67,90.03,92.39,91.82
03-Mar-25,87.67,90.03,92.39,91.82
02-Mar-25,87.67,90.03,92.39,91.82
01-Mar-25,87.67,90.03,92.39,91.82
28-Feb-25,87.67,90.03,92.39,91.82
27-Feb-25,87.67,90.03,92.39,91.82
26-Feb-25,87.67,90.03,92.39,91.82
25-Feb-25,87.67,90.03,92.39,91.82
24-Feb-25,87.67,90.03,92.39,91.82
23-Feb-25,87.67,90.03,92.39,91.82
22-Feb-25,87.67,90.03,92.39,91.82
21-Feb-25,87.67,90.03,92.39,91.82
20-Feb-25,87.67,90.03,92.39,91.82
19-Feb-25,87.67,90.03,92.39,91.82
18-Feb-25,87.67,90.03,92.39,91.82
17-Feb-25,87.67,90.03,92.39,91.82
16-Feb-25,87.67,90.03,92.39,91.82
15-Feb-25,87.67,90.03,92.39,91.82
14-Feb-25,87.67,90.03,92.39,91.82
13-Feb-25,87.67,90.03,92.39,91.82
12-Feb-25,87.67,90.03,92.39,91.82
11-Feb-25,87.67,90.03,92.39,91.82
10-Feb-25,87.67,90.03,92.39,91.82
09-Feb-25,87.67,90.03,92.39,91.82
08-Feb-25,87.67,90.03,92.39,91.82
07-Feb-25,87.67,90.03,92.39,91.82
06-Feb-25,87.67,90.03,92.39,91.82
05-Feb-25,87.67,90.03,92.39,91.82
04-Feb-25,87.67,90.03,92.39,91.82
03-Feb-25,87.67,90.03,92.39,91.82
02-Feb-25,87.67,90.03,92.39,91.82
01-Feb-25,87.67,90.03,92.39,91.82
31-Jan-25,87.67,90.03,92.39,91.82
30-Jan-25,87.67,90.03,92.39,91.82
29-Jan-25,87.67,90.03,92.39,91.82
28-Jan-25,87.67,90.03,92.39,91.82
27-Jan-25,87.67,90.03,92.39,91.82
26-Jan-25,87.67,90.03,92.39,91.82
25-Jan-25,87.67,90.03,92.39,91.82
24-Jan-25,87.67,90.03,92.39,91.82
23-Jan-25,87.67,90.03,92.39,91.82
22-Jan-25,87.67,90.03,92.39,91.82
21-Jan-25,87.67,90.03,92.39,91.82
20-Jan-25,87.67,90.03,92.39,91.82
19-Jan-25,87.67,90.03,92.39,91.82
18-Jan-25,87.67,90.03,92.39,91.82
17-Jan-25,87.67,90.03,92.39,91.82
16-Jan-25,87.67,90.03,92.39,91.82
15-Jan-25,87.67,90.03,92.39,91.82
14-Jan-25,87.67,90.03,92.39,91.82
13-Jan-25,87.67,90.03,92.39,91.82
12-Jan-25,87.67,90.03,92.39,91.82
11-Jan-25,87.67,90.03,92.39,91.82
10-Jan-25,87.67,90.03,92.39,91.82
09-Jan-25,87.67,90.03,92.39,91.82
08-Jan-25,87.67,90.03,92.39,91.82
07-Jan-25,87.67,90.03,92.39,91.82
06-Jan-25,87.67,90.03,92.39,91.82
05-Jan-25,87.67,90.03,92.39,91.82
04-Jan-25,87.67,90.03,92.39,91.82
03-Jan-25,87.67,90.03,92.39,91.82
02-Jan-25,87.67,90.03,92.39,91.82
01-Jan-25,87.67,90.03,92.39,91.82
31-Dec-24,87.67,90.03,92.39,91.82
30-Dec-24,87.67,90.03,92.39,91.82
29-Dec-24,87.67,90.03,92.39,91.82
28-Dec-24,87.67,90.03,92.39,91.82
27-Dec-24,87.67,90.03,92.39,91.82
26-Dec-24,87.67,90.03,92.39,91.82
25-Dec-24,87.67,90.03,92.39,91.82
24-Dec-24,87.67,90.03,92.39,91.82
23-Dec-24,87.67,90.03,92.39,91.82
22-Dec-24,87.67,90.03,92.39,91.82
21-Dec-24,87.67,90.03,92.39,91.82
20-Dec-24,87.67,90.03,92.39,91.82
19-Dec-24,87.67,90.03,92.39,91.82
18-Dec-24,87.67,90.03,92.39,91.82
17-Dec-24,87.67,90.03,92.39,91.82
16-Dec-24,87.67,90.03,92.39,91.82
15-Dec-24,87.67,90.03,92.39,91.82
14-Dec-24,87.67,90.03,92.39,91.82
13-Dec-24,87.67,90.03,92.39,91.82
12-Dec-24,87.67,90.03,92.39,91.82
11-Dec-24,87.67,90.03,92.39,91.82
10-Dec-24,87.67,90.03,92.39,91.82
09-Dec-24,87.67,90.03,92.39,91.82
08-Dec-24,87.67,90.03,92.39,91.82
07-Dec-24,87.67,90.03,92.39,91.82
06-Dec-24,87.67,90.03,92.39,91.82
05-Dec-24,87.67,90.03,92.39,91.82
04-Dec-24,87.67,90.03,92.39,91.82
03-Dec-24,87.67,90.03,92.39,91.82
02-Dec-24,87.67,90.03,92.39,91.82
01-Dec-24,87.67,90.03,92.39,91.82
30-Nov-24,87.67,89.97,92.39,91.76
29-Nov-24,87.67,89.97,92.39,91.76
28-Nov-24,87.67,89.97,92.39,91.76
27-Nov-24,87.67,89.97,92.39,91.76
26-Nov-24,87.67,89.97,92.39,91.76
25-Nov-24,87.67,89.97,92.39,91.76
24-Nov-24,87.67,89.97,92.39,91.76
23-Nov-24,87.67,89.97,92.39,91.76
22-Nov-24,87.67,89.97,92.39,91.76
21-Nov-24,87.67,89.97,92.39,91.76
20-Nov-24,87.67,89.97,92.39,91.76
19-Nov-24,87.67,89.97,92.39,91.76
18-Nov-24,87.67,89.97,92.39,91.76
17-Nov-24,87.67,89.97,92.39,91.76
16-Nov-24,87.67,89.97,92.39,91.76
15-Nov-24,87.67,89.97,92.39,91.76
14-Nov-24,87.67,89.97,92.39,91.76
13-Nov-24,87.67,89.97,92.39,91.76
12-Nov-24,87.67,89.97,92.39,91.76
11-Nov-24,87.67,89.97,92.39,91.76
10-Nov-24,87.67,89.97,92.39,91.76
09-Nov-24,87.67,89.97,92.39,91.76
08-Nov-24,87.67,89.97,92.39,91.76
07-Nov-24,87.67,89.97,92.39,91.76
06-Nov-24,87.67,89.97,92.39,91.76
05-Nov-24,87.67,89.97,92.39,91.76
04-Nov-24,87.67,89.97,92.39,91.76
03-Nov-24,87.67,89.97,92.39,91.76
02-Nov-24,87.67,89.97,92.39,91.76
01-Nov-24,87.67,89.97,92.39,91.76
31-Oct-24,87.67,89.97,92.39,91.76
30-Oct-24,87.67,89.97,92.39,91.76
29-Oct-24,87.62,89.97,92.34,91.76
28-Oct-24,87.62,89.97,92.34,91.76
27-Oct-24,87.62,89.97,92.34,91.76
26-Oct-24,87.62,89.97,92.34,91.76
25-Oct-24,87.62,89.97,92.34,91.76
24-Oct-24,87.62,89.97,92.34,91.76
23-Oct-24,87.62,89.97,92.34,91.76
22-Oct-24,87.62,89.97,92.34,91.76
21-Oct-24,87.62,89.97,92.34,91.76
20-Oct-24,87.62,89.97,92.34,91.76
19-Oct-24,87.62,89.97,92.34,91.76
18-Oct-24,87.62,89.97,92.34,91.76
17-Oct-24,87.62,89.97,92.34,91.76
16-Oct-24,87.62,89.97,92.34,91.76
15-Oct-24,87.62,89.97,92.34,91.76
14-Oct-24,87.62,89.97,92.34,91.76
13-Oct-24,87.62,89.97,92.34,91.76
12-Oct-24,87.62,89.97,92.34,91.76
11-Oct-24,87.62,89.97,92.34,91.76
10-Oct-24,87.62,89.97,92.34,91.76
09-Oct-24,87.62,89.97,92.34,91.76
08-Oct-24,87.62,89.97,92.34,91.76
07-Oct-24,87.62,89.97,92.34,91.76
06-Oct-24,87.62,89.97,92.34,91.76
05-Oct-24,87.62,89.97,92.34,91.76
04-Oct-24,87.62,89.97,92.34,91.76
03-Oct-24,87.62,89.97,92.34,91.76
02-Oct-24,87.62,89.97,92.34,91.76
01-Oct-24,87.62,89.97,92.34,91.76
30-Sep-24,87.62,89.97,92.34,91.76
29-Sep-24,87.62,89.97,92.34,91.76
28-Sep-24,87.62,89.97,92.34,91.76
27-Sep-24,87.62,89.97,92.34,91.76
26-Sep-24,87.62,89.97,92.34,91.76
25-Sep-24,87.62,89.97,92.34,91.76
24-Sep-24,87.62,89.97,92.34,91.76
23-Sep-24,87.62,89.97,92.34,91.76
22-Sep-24,87.62,89.97,92.34,91.76
21-Sep-24,87.62,89.97,92.34,91.76
20-Sep-24,87.62,89.97,92.34,91.76
19-Sep-24,87.62,89.97,92.34,91.76
18-Sep-24,87.62,89.97,92.34,91.76
17-Sep-24,87.62,89.97,92.34,91.76
16-Sep-24,87.62,89.97,92.34,91.76
15-Sep-24,87.62,89.97,92.34,91.76
14-Sep-24,87.62,89.97,92.34,91.76
13-Sep-24,87.62,89.97,92.34,91.76
12-Sep-24,87.62,89.97,92.34,91.76
11-Sep-24,87.62,89.97,92.34,91.76
10-Sep-24,87.62,89.97,92.34,91.76
09-Sep-24,87.62,89.97,92.34,91.76
08-Sep-24,87.62,89.97,92.34,91.76
07-Sep-24,87.62,89.97,92.34,91.76
06-Sep-24,87.62,89.97,92.34,91.76
05-Sep-24,87.62,89.97,92.34,91.76
04-Sep-24,87.62,89.97,92.34,91.76
03-Sep-24,87.62,89.97,92.34,91.76
02-Sep-24,87.62,89.97,92.34,91.76
01-Sep-24,87.62,89.97,92.34,91.76
31-Aug-24,87.62,89.97,92.34,91.76
30-Aug-24,87.62,89.97,92.34,91.76
29-Aug-24,87.62,89.97,92.34,91.76
28-Aug-24,87.62,89.97,92.34,91.76
27-Aug-24,87.62,89.97,92.34,91.76
26-Aug-24,87.62,89.97,92.34,91.76
25-Aug-24,87.62,89.97,92.34,91.76
24-Aug-24,87.62,89.97,92.34,91.76
23-Aug-24,87.62,89.97,92.34,91.76
22-Aug-24,87.62,89.97,92.34,91.76
21-Aug-24,87.62,89.97,92.34,91.76
20-Aug-24,87.62,89.97,92.34,91.76
19-Aug-24,87.62,89.97,92.34,91.76
18-Aug-24,87.62,89.97,92.34,91.76
17-Aug-24,87.62,89.97,92.34,91.76
16-Aug-24,87.62,89.97,92.34,91.76
15-Aug-24,87.62,89.97,92.34,91.76
14-Aug-24,87.62,89.97,92.34,91.76
13-Aug-24,87.62,89.97,92.34,91.76
12-Aug-24,87.62,89.97,92.34,91.76
11-Aug-24,87.62,89.97,92.34,91.76
10-Aug-24,87.62,89.97,92.34,91.76
09-Aug-24,87.62,89.97,92.34,91.76
08-Aug-24,87.62,89.97,92.34,91.76
07-Aug-24,87.62,89.97,92.34,91.76
06-Aug-24,87.62,89.97,92.34,91.76
05-Aug-24,87.62,89.97,92.34,91.76
04-Aug-24,87.62,89.97,92.34,91.76
03-Aug-24,87.62,89.97,92.34,91.76
02-Aug-24,87.62,89.97,92.34,91.76
01-Aug-24,87.62,89.97,92.34,91.76
31-Jul-24,87.62,89.97,92.34,91.76
30-Jul-24,87.62,89.97,92.34,91.76
29-Jul-24,87.62,89.97,92.34,91.76
28-Jul-24,87.62,89.97,92.34,91.76
27-Jul-24,87.62,89.97,92.34,91.76
26-Jul-24,87.62,89.97,92.34,91.76
25-Jul-24,87.62,89.97,92.34,91.76
24-Jul-24,87.62,89.97,92.34,91.76
23-Jul-24,87.62,89.97,92.34,91.76
22-Jul-24,87.62,89.97,92.34,91.76
21-Jul-24,87.62,89.97,92.34,91.76
20-Jul-24,87.62,89.97,92.34,91.76
19-Jul-24,87.62,89.97,92.34,91.76
18-Jul-24,87.62,89.97,92.34,91.76
17-Jul-24,87.62,89.97,92.34,91.76
16-Jul-24,87.62,89.97,92.34,91.76
15-Jul-24,87.62,89.97,92.34,91.76
14-Jul-24,87.62,89.97,92.34,91.76
13-Jul-24,87.62,89.97,92.34,91.76
12-Jul-24,87.62,89.97,92.34,91.76
11-Jul-24,87.62,89.97,92.34,91.76
10-Jul-24,87.62,89.97,92.34,91.76
09-Jul-24,87.62,89.97,92.34,91.76
08-Jul-24,87.62,89.97,92.34,91.76
07-Jul-24,87.62,89.97,92.34,91.76
06-Jul-24,87.62,89.97,92.34,91.76
05-Jul-24,87.62,89.97,92.34,91.76
04-Jul-24,87.62,89.97,92.34,91.76
03-Jul-24,87.62,89.97,92.34,91.76
02-Jul-24,87.62,89.97,92.34,91.76
01-Jul-24,87.62,89.97,92.34,91.76
30-Jun-24,87.62,89.97,92.34,90.76
29-Jun-24,87.62,89.97,92.34,90.76
28-Jun-24,87.62,92.15,92.34,90.76
27-Jun-24,87.62,92.15,92.34,90.76
26-Jun-24,87.62,92.15,92.34,90.76
25-Jun-24,87.62,92.15,92.34,90.76
24-Jun-24,87.62,92.15,92.34,90.76
23-Jun-24,87.62,92.15,92.34,90.76
22-Jun-24,87.62,92.15,92.34,90.76
21-Jun-24,87.62,92.15,92.34,90.76
20-Jun-24,87.62,92.15,92.34,90.76
19-Jun-24,87.62,92.15,92.34,90.76
18-Jun-24,87.62,92.15,92.34,90.76
17-Jun-24,87.62,92.15,92.34,90.76
16-Jun-24,87.62,92.15,92.34,90.76
15-Jun-24,87.62,92.15,92.34,90.76
14-Jun-24,87.62,92.15,92.34,90.76
13-Jun-24,87.62,92.15,92.34,90.76
12-Jun-24,87.62,92.15,92.34,90.76
11-Jun-24,87.62,92.15,92.34,90.76
10-Jun-24,87.62,92.15,92.34,90.76
09-Jun-24,87.62,92.15,92.34,90.76
08-Jun-24,87.62,92.15,92.34,90.76
07-Jun-24,87.62,92.15,92.34,90.76
06-Jun-24,87.62,92.15,92.34,90.76
05-Jun-24,87.62,92.15,92.34,90.76
04-Jun-24,87.62,92.15,92.34,90.76
03-Jun-24,87.62,92.15,92.34,90.76
02-Jun-24,87.62,92.15,92.34,90.76
01-Jun-24,87.62,92.15,92.34,90.76
31-May-24,87.62,92.15,92.34,90.76
30-May-24,87.62,92.15,92.34,90.76
29-May-24,87.62,92.15,92.34,90.76
28-May-24,87.62,92.15,92.34,90.76
27-May-24,87.62,92.15,92.34,90.76
26-May-24,87.62,92.15,92.34,90.76
25-May-24,87.62,92.15,92.34,90.76
24-May-24,87.62,92.15,92.34,90.76
23-May-24,87.62,92.15,92.34,90.76
22-May-24,87.62,92.15,92.34,90.76
21-May-24,87.62,92.15,92.34,90.76
20-May-24,87.62,92.15,92.34,90.76
19-May-24,87.62,92.15,92.34,90.76
18-May-24,87.62,92.15,92.34,90.76
17-May-24,87.62,92.15,92.34,90.76
16-May-24,87.62,92.15,92.34,90.76
15-May-24,87.62,92.15,92.34,90.76
14-May-24,87.62,92.15,92.34,90.76
13-May-24,87.62,92.15,92.34,90.76
12-May-24,87.62,92.15,92.34,90.76
11-May-24,87.62,92.15,92.34,90.76
10-May-24,87.62,92.15,92.34,90.76
09-May-24,87.62,92.15,92.34,90.76
08-May-24,87.62,92.15,92.34,90.76
07-May-24,87.62,92.15,92.34,90.76
06-May-24,87.62,92.15,92.34,90.76
05-May-24,87.62,92.15,92.34,90.76
04-May-24,87.62,92.15,92.34,90.76
03-May-24,87.62,92.15,92.34,90.76
02-May-24,87.62,92.15,92.34,90.76
01-May-24,87.62,92.15,92.34,90.76
30-Apr-24,87.62,92.15,92.34,90.76
29-Apr-24,87.62,92.15,92.34,90.76
28-Apr-24,87.62,92.15,92.34,90.76
27-Apr-24,87.62,92.15,92.34,90.76
26-Apr-24,87.62,92.15,92.34,90.76
25-Apr-24,87.62,92.15,92.34,90.76
24-Apr-24,87.62,92.15,92.34,90.76
23-Apr-24,87.62,92.15,92.34,90.76
22-Apr-24,87.62,92.15,92.34,90.76
21-Apr-24,87.62,92.15,92.34,90.76
20-Apr-24,87.62,92.15,92.34,90.76
19-Apr-24,87.62,92.15,92.34,90.76
18-Apr-24,87.62,92.15,92.34,90.76
17-Apr-24,87.62,92.15,92.34,90.76
16-Apr-24,87.62,92.15,92.34,90.76
15-Apr-24,87.62,92.15,92.34,90.76
14-Apr-24,87.62,92.15,92.34,90.76
13-Apr-24,87.62,92.15,92.34,90.76
12-Apr-24,87.62,92.15,92.34,90.76
11-Apr-24,87.62,92.15,92.34,90.76
10-Apr-24,87.62,92.15,92.34,90.76
09-Apr-24,87.62,92.15,92.34,90.76
08-Apr-24,87.62,92.15,92.34,90.76
07-Apr-24,87.62,92.15,92.34,90.76
06-Apr-24,87.62,92.15,92.34,90.76
05-Apr-24,87.62,92.15,92.34,90.76
04-Apr-24,87.62,92.15,92.34,90.76
03-Apr-24,87.62,92.15,92.34,90.76
02-Apr-24,87.62,92.15,92.34,90.76
01-Apr-24,87.62,92.15,92.34,90.76
