Date,MH_Onion,WB_Potato,WB_Onion,Kolkata_Diesel
01-04-2024,1241.95,1429.18,1693.15,90.76
02-04-2024,1244.77,1411.39,1856.15,90.76
03-04-2024,1271.83,1423.19,1789.23,90.76
04-04-2024,1233.7,1441.26,1719.01,90.76
05-04-2024,1214.36,1461.16,1818.78,90.76
06-04-2024,1164.26,1469.1,1846.25,90.76
07-04-2024,1199.63,1463.63,1849.25,90.76
08-04-2024,1096.92,1479.97,1916.46,90.76
09-04-2024,1248.96,1495.66,1895.4,90.76
10-04-2024,1248.96,1488.19,1787.49,90.76
11-04-2024,1248.96,1519.74,1842.19,90.76
12-04-2024,1293.38,1558.12,1909.34,90.76
13-04-2024,1191.23,1662.89,1870.33,90.76
14-04-2024,1085.27,1783.27,1870.54,90.76
15-04-2024,1210.48,1880.69,1909.98,90.76
16-04-2024,1065.41,1872.62,1832.78,90.76
17-04-2024,1065.41,1910.37,1776.27,90.76
18-04-2024,1272.55,2022.36,1661.43,90.76
19-04-2024,1186.43,2036.08,1791.6,90.76
20-04-2024,1280.88,1999.37,1740.42,90.76
21-04-2024,1009.49,2010.67,1905.71,90.76
22-04-2024,1224.2,2038.21,1963.84,90.76
23-04-2024,1219.07,2072.25,1973.98,90.76
24-04-2024,1217.42,2095.45,1942.33,90.76
25-04-2024,1221.81,2068.75,2003.2,90.76
26-04-2024,1164.89,2075.49,2032.95,90.76
27-04-2024,1186.52,2068.59,2050.58,90.76
28-04-2024,1164.87,2116.69,2010.53,90.76
29-04-2024,1188.49,2072.04,1937.86,90.76
30-04-2024,1260.15,2077.5,1986.28,90.76
01-05-2024,1125.79,2085.77,2053.79,90.76
02-05-2024,1238.78,2066.84,1939.3,90.76
03-05-2024,1320.78,2084.24,1991.86,90.76
04-05-2024,1653.96,2103.14,1981.98,90.76
05-05-2024,1607.81,2089.54,1986.76,90.76
06-05-2024,1577.69,2099.03,2113.22,90.76
07-05-2024,1528.61,2043,2172.09,90.76
08-05-2024,1360.08,2081.81,2100.86,90.76
09-05-2024,1236.09,2119.08,2176.66,90.76
10-05-2024,1368.42,2163.27,2177.89,90.76
11-05-2024,1323.54,2137.9,2127.3,90.76
12-05-2024,1334.37,2176.45,2176.35,90.76
13-05-2024,1538.4,2232.69,2068.93,90.76
14-05-2024,1389.49,2210,2099.97,90.76
15-05-2024,1392.16,2192.9,2091.86,90.76
16-05-2024,1357.6,2205.82,2121.69,90.76
17-05-2024,1430.49,2179.55,2269.68,90.76
18-05-2024,1386.95,2181.68,2110.7,90.76
19-05-2024,1362.08,2225.05,2136.5,90.76
20-05-2024,1259.38,2166.27,2081.98,90.76
21-05-2024,1426.59,2158.67,2123.11,90.76
22-05-2024,1448.87,2176.73,2103.79,90.76
23-05-2024,1491.02,2187.33,2103.77,90.76
24-05-2024,1468.62,2204.79,2119.8,90.76
25-05-2024,1444.44,2206.15,2108.53,90.76
26-05-2024,1466.22,2185.07,2152.71,90.76
27-05-2024,1538.9,2131.71,2241.08,90.76
28-05-2024,1755.77,2186.58,2188.01,90.76
29-05-2024,1775.8,2203.97,2216.09,90.76
30-05-2024,1843.55,2145.07,2237.14,90.76
31-05-2024,1809.1,2143.57,2223.31,90.76
01-06-2024,1743.22,2165,2266.86,90.76
02-06-2024,1775.45,2175.19,2273.78,90.76
03-06-2024,1800.06,2191.87,2431.23,90.76
04-06-2024,1893,2163.29,2542.2,90.76
05-06-2024,1953.99,2170.56,2455.83,90.76
06-06-2024,2114.36,2209.37,2500.56,90.76
07-06-2024,2213.95,2174.7,2572.66,90.76
08-06-2024,2369.17,2194.06,2489.75,90.76
09-06-2024,2264.21,2229.62,2442.47,90.76
10-06-2024,2395.85,2193.9,2616.64,90.76
11-06-2024,2316.26,2204.24,2653.19,90.76
12-06-2024,2231.11,2211.43,2666.63,90.76
13-06-2024,2245.45,2202.53,2762.67,90.76
14-06-2024,2360.64,2215.27,2762.2,90.76
15-06-2024,2486.06,2239.08,2814.81,90.76
16-06-2024,2263.1,2244.54,2687.22,90.76
17-06-2024,2257.58,2256.75,2831.38,90.76
18-06-2024,2685.51,2308.98,2855.61,90.76
19-06-2024,2746.48,2355.45,2864.61,90.76
20-06-2024,2795.3,2383.35,3002.83,90.76
21-06-2024,2783.67,2416.04,3055.81,90.76
22-06-2024,2595.97,2461.89,2931.82,90.76
23-06-2024,2350.52,2474.69,2958.66,90.76
24-06-2024,2701.88,2492.13,3223.84,90.76
25-06-2024,2773.29,2523.74,3212.08,90.76
26-06-2024,2643.98,2527.69,3131.76,90.76
27-06-2024,2573.08,2529.57,3243.02,90.76
28-06-2024,2501.67,2525.62,3191.65,90.76
29-06-2024,2507.68,2535.15,3090.97,90.76
30-06-2024,2500.06,2516.8,3145.01,90.76
01-07-2024,2814.01,2508.26,3320.53,91.76
02-07-2024,2742,2535.1,3240.87,91.76
03-07-2024,2702.67,2558.41,3403.6,91.76
04-07-2024,2715.48,2553.14,3443.39,91.76
05-07-2024,2568.35,2565.47,3547.9,91.76
06-07-2024,2621.72,2576.13,3421.98,91.76
07-07-2024,2452.53,2587.29,3445.27,91.76
08-07-2024,2636.38,2600.03,3577.55,91.76
09-07-2024,2562.31,2594.8,3624.34,91.76
10-07-2024,2651.07,2582.09,3555.75,91.76
11-07-2024,2615.91,2551.01,3613.39,91.76
12-07-2024,2511.04,2544.65,3540.43,91.76
13-07-2024,2553.78,2557.85,3546.62,91.76
14-07-2024,2257.87,2548.2,3473.94,91.76
15-07-2024,2641.13,2551.86,3494.18,91.76
16-07-2024,2642.97,2524.59,3412.17,91.76
17-07-2024,2506.27,2543.86,3417.81,91.76
18-07-2024,2600.61,2516.21,3406.99,91.76
19-07-2024,2585.69,2511.65,3350.72,91.76
20-07-2024,2502.11,2505.36,3298.01,91.76
21-07-2024,2334.9,2503.54,3285.86,91.76
22-07-2024,2579.19,2546.41,3433.36,91.76
23-07-2024,2490.23,2632.8,3433.83,91.76
24-07-2024,2554.37,2778.5,3503.11,91.76
25-07-2024,2508.12,2630.07,3451.68,91.76
26-07-2024,2587.57,2591.15,3432.05,91.76
27-07-2024,2519.83,2584.53,3376.13,91.76
28-07-2024,2359.16,2566.96,3371.93,91.76
29-07-2024,2513.26,2540.67,3453.88,91.76
30-07-2024,2580.93,2538.09,3434.37,91.76
31-07-2024,2524,2495.34,3469.16,91.76
01-08-2024,2492.66,2445.81,3430.7,91.76
02-08-2024,2402.08,2443.57,3419.68,91.76
03-08-2024,2488.63,2418.44,3354.91,91.76
04-08-2024,2409.82,2411.98,3361.6,91.76
05-08-2024,2551.9,2419.01,3404.75,91.76
06-08-2024,2583.02,2440.05,3412.35,91.76
07-08-2024,2785.19,2431.18,3455.27,91.76
08-08-2024,2784.49,2416.75,3546.35,91.76
09-08-2024,2740.9,2396.2,3559.36,91.76
10-08-2024,3003.63,2401.9,3552.4,91.76
11-08-2024,3009.87,2392.71,3531.66,91.76
12-08-2024,3157.63,2438.43,3682.51,91.76
13-08-2024,3037.85,2390.49,3874.28,91.76
14-08-2024,3086.4,2384.16,3887.76,91.76
15-08-2024,2871.23,2382.62,3734.1,91.76
16-08-2024,3058.64,2378.74,3877.04,91.76
17-08-2024,3030.24,2381.3,3873.69,91.76
18-08-2024,2942.35,2393.97,3819.96,91.76
19-08-2024,3012.53,2379.19,3846.46,91.76
20-08-2024,3215.72,2383.77,3869.19,91.76
21-08-2024,3468.35,2395.58,3925.58,91.76
22-08-2024,3662.47,2389.71,3887.95,91.76
23-08-2024,3512.31,2375.32,3898.31,91.76
24-08-2024,3508.46,2378.59,3912.43,91.76
25-08-2024,3395.39,2481.78,3851.45,91.76
26-08-2024,3556.69,2371.42,3957.4,91.76
27-08-2024,3524.81,2369.59,4065.63,91.76
28-08-2024,3511.56,2384.84,4068.92,91.76
29-08-2024,3380.48,2379.76,4085.76,91.76
30-08-2024,3203.07,2375.45,4025.43,91.76
31-08-2024,3327.96,2369.86,3945.71,91.76
01-09-2024,3376.01,2378.16,4047.14,91.76
02-09-2024,3604.03,2372.48,4056.34,91.76
03-09-2024,3969.7,2371.82,4185.28,91.76
04-09-2024,3733.9,2370.84,4207.75,91.76
05-09-2024,3752.59,2364.37,4159.37,91.76
06-09-2024,3575.47,2350.45,4284.77,91.76
07-09-2024,3544.16,2346.97,4398.69,91.76
08-09-2024,3700.55,2368.42,4363.62,91.76
09-09-2024,3635.38,2344.59,4408.09,91.76
10-09-2024,3762.76,2342.97,4406.55,91.76
11-09-2024,3682.24,2331.43,4345.07,91.76
12-09-2024,3758.15,2322.43,4333.71,91.76
13-09-2024,3704.77,2320.01,4336.31,91.76
14-09-2024,4205.85,2332.45,4359.22,91.76
15-09-2024,4046.73,2336.19,4344.98,91.76
16-09-2024,4246.5,2333.04,4384.07,91.76
17-09-2024,4016.96,2331.05,4494.28,91.76
18-09-2024,3952.11,2333.68,4527.48,91.76
19-09-2024,4134.69,2325.87,4474.46,91.76
20-09-2024,4131.52,2338.18,4556.39,91.76
21-09-2024,4227.19,2353.85,4538.23,91.76
22-09-2024,4081.7,2354.22,4541.59,91.76
23-09-2024,4184.86,2353.32,4559.51,91.76
24-09-2024,4262.87,2371.07,4691.51,91.76
25-09-2024,3806.55,2377.19,4624.36,91.76
26-09-2024,4155.64,2396.43,4600.7,91.76
27-09-2024,3888.72,2389.52,4653.04,91.76
28-09-2024,3646.67,2382.14,4511.06,91.76
29-09-2024,3391.23,2411.27,4584.5,91.76
30-09-2024,3433.44,2399.26,4625.92,91.76
01-10-2024,3494.13,2420.15,4626.82,91.76
02-10-2024,3498.69,2420.38,4565.81,91.76
03-10-2024,3621.2,2422.25,4571.72,91.76
04-10-2024,3761.33,2422.21,4531.91,91.76
05-10-2024,3547.56,2429.44,4496.19,91.76
06-10-2024,3744.78,2419.93,4497.25,91.76
07-10-2024,3190.21,2416.3,4438.98,91.76
08-10-2024,3190.21,2416.19,4469.56,91.76
09-10-2024,3373.43,2422.5,4489.96,91.76
10-10-2024,3308.12,2419.62,4547.1,91.76
11-10-2024,3227.08,2409.89,4452.52,91.76
12-10-2024,3314.12,2410.17,4469.28,91.76
13-10-2024,3607.43,2409.59,4482.34,91.76
14-10-2024,3430.59,2405.85,4555.88,91.76
15-10-2024,3390.28,2414.77,4481.6,91.76
16-10-2024,3413.05,2421.45,4462.84,91.76
17-10-2024,3336.53,2421.35,4496.39,91.76
18-10-2024,3465.34,2411.45,4483.2,91.76
19-10-2024,3415.25,2409.07,4494.79,91.76
20-10-2024,3792.76,2409.82,4469.46,91.76
21-10-2024,3549.04,2411.66,4497.53,91.76
22-10-2024,3645.2,2411.19,4513.45,91.76
23-10-2024,3657.95,2399.23,4627.91,91.76
24-10-2024,3480.18,2416.7,4663.42,91.76
25-10-2024,3484.09,2412.72,4652.33,91.76
26-10-2024,3131.44,2421.25,4701.54,91.76
27-10-2024,3478.39,2434.16,4615.63,91.76
28-10-2024,3029.83,2441.94,4824.59,91.76
29-10-2024,2517.16,2484.86,4741.42,91.76
30-10-2024,3181.65,2497.11,4782.89,91.76
31-10-2024,3248.41,2471.03,4598.87,91.76
01-11-2024,3264.65,2462.59,4680.32,91.76
02-11-2024,3159.31,2482.26,4711.85,91.76
03-11-2024,2747.34,2479.78,4652.4,91.76
04-11-2024,3358.78,2472.36,4660.89,91.76
05-11-2024,3695.26,2489.09,4673.31,91.76
06-11-2024,3846.18,2485.17,4671.55,91.76
07-11-2024,4117.01,2493.41,4678.42,91.76
08-11-2024,3949.94,2509.96,4763.17,91.76
09-11-2024,3895,2494.87,4956.15,91.76
10-11-2024,4336.16,2514.95,5035.84,91.76
11-11-2024,3839.69,2518.44,5446.15,91.76
12-11-2024,3669.24,2531.16,5321.11,91.76
13-11-2024,3670.58,2509.55,5390.43,91.76
14-11-2024,3644.38,2532.9,5533.57,91.76
15-11-2024,3101.85,2528.87,4757.3,91.76
16-11-2024,3462.25,2539.63,5285.57,91.76
17-11-2024,4023.89,2537.06,5248.69,91.76
18-11-2024,3381.91,2529.79,5358.07,91.76
19-11-2024,3482.17,2550.39,5386.92,91.76
20-11-2024,2211.72,2559.09,5203.96,91.76
21-11-2024,3681.99,2556.58,5138.42,91.76
22-11-2024,3846.39,2550.25,4960.2,91.76
23-11-2024,3577.15,2555.67,4780.39,91.76
24-11-2024,4405.04,2560.87,4677.12,91.76
25-11-2024,3809.03,2550.6,4706.15,91.76
26-11-2024,3862.48,2575.76,4589.35,91.76
27-11-2024,3924.88,2556.92,4517.42,91.76
28-11-2024,3804.28,2555.41,4557.22,91.76
29-11-2024,3804.28,2535.64,4478.84,91.76
30-11-2024,3782.26,2533.12,4404.18,91.76
01-12-2024,3328.81,2725.15,4802.26,91.82
02-12-2024,3416.86,2534.69,4425.9,91.82
03-12-2024,3460.16,2558.29,4463.78,91.82
04-12-2024,3541.66,2571.91,4431.72,91.82
05-12-2024,3175.45,2564.48,4433.61,91.82
06-12-2024,3726.17,2593.67,4414.87,91.82
07-12-2024,3678.44,2623.19,4416.34,91.82
08-12-2024,4058.13,2572.68,4346.69,91.82
09-12-2024,3777.76,2591.95,4418.41,91.82
10-12-2024,3828.37,2564.17,4348.88,91.82
11-12-2024,3606.96,2548.19,4326.46,91.82
12-12-2024,3389.32,2561.53,4308.34,91.82
13-12-2024,3124.32,2549.3,4269.18,91.82
14-12-2024,2576.89,2522.79,4207.98,91.82
15-12-2024,3157.79,2519.11,4087.55,91.82
16-12-2024,2190.56,2497.64,4074.61,91.82
17-12-2024,2055.1,2483.89,4052.93,91.82
18-12-2024,1991.92,2474.75,3965.07,91.82
19-12-2024,1861.69,2580.2,3840.07,91.82
20-12-2024,1803.7,2492.86,3886.67,91.82
21-12-2024,1860.55,2410.85,3776.63,91.82
22-12-2024,2057.75,2388.31,3731.96,91.82
23-12-2024,1792.59,2363.58,3366.07,91.82
24-12-2024,1801.89,2322.74,3125.79,91.82
25-12-2024,2006.36,2262.89,3001.09,91.82
26-12-2024,1956.73,2244.28,2879.41,91.82
27-12-2024,2019.58,2198.36,2745.47,91.82
28-12-2024,2202.24,2129.34,2756.95,91.82
29-12-2024,2256.03,2124.84,2751.48,91.82
30-12-2024,2385.92,2074.17,2678.35,91.82
31-12-2024,2370.99,2100.2,2837.16,91.82
01-01-2025,2320.13,2110.49,2873.5,91.82
02-01-2025,2278.81,2089.2,2902.65,91.82
03-01-2025,2186.95,2059.09,2803.49,91.82
04-01-2025,2307.74,2022.84,2896.13,91.82
05-01-2025,2502.83,2063.8,2797.78,91.82
06-01-2025,2225.72,1996.33,2924.3,91.82
07-01-2025,2210.5,1961.24,2960.05,91.82
08-01-2025,2135.72,1957.44,2927.8,91.82
09-01-2025,1997.8,1918.03,2903.79,91.82
10-01-2025,1797.12,1901.59,2918.71,91.82
11-01-2025,1636.91,1871.9,2919.49,91.82
12-01-2025,1802.65,1842.6,2933.96,91.82
13-01-2025,1775.4,1839.12,2903.4,91.82
14-01-2025,1926.19,1790.88,2780.92,91.82
15-01-2025,1924.92,1719.06,2738.54,91.82
16-01-2025,1822.13,1599.19,2754.89,91.82
17-01-2025,1931.51,1527.48,2747.86,91.82
18-01-2025,2031.07,1496.98,2751.32,91.82
19-01-2025,2269.88,1463.89,2715.73,91.82
20-01-2025,2186.14,1443.29,2769.53,91.82
21-01-2025,2162,1374.2,2768.26,91.82
22-01-2025,2142.25,1345.93,2770.84,91.82
23-01-2025,2195.18,1236.78,2758.26,91.82
24-01-2025,2179.96,1266.91,2812.01,91.82
25-01-2025,2230.04,1240.17,2830.1,91.82
26-01-2025,1973.81,1236.41,2847.57,91.82
27-01-2025,2066,1190.16,2896.9,91.82
28-01-2025,2051.97,1232.66,2882.2,91.82
29-01-2025,1962.9,1202.22,2802.57,91.82
30-01-2025,1944.62,1195.39,2865.71,91.82
31-01-2025,1952.82,1183.5,2810.41,91.82
01-02-2025,1905.39,1256.67,2806.59,91.82
02-02-2025,2050.48,1162.47,2816.94,91.82
03-02-2025,1954.97,1156.92,2820.09,91.82
04-02-2025,1996.27,1173.13,2759.47,91.82
05-02-2025,2088.43,1112.18,2768.68,91.82
06-02-2025,2041.77,1092.32,2745.61,91.82
07-02-2025,2098.44,1062.08,2703.47,91.82
08-02-2025,2207.16,1046.97,2687.39,91.82
09-02-2025,2068.19,1040.06,2589.09,91.82
10-02-2025,2302.62,1032.32,2634.18,91.82
11-02-2025,2269.16,1121.5,2798.99,91.82
12-02-2025,2450.64,1021.56,2702.61,91.82
13-02-2025,2534.53,995.91,2867.13,91.82
14-02-2025,2624.71,1002.78,2771.55,91.82
15-02-2025,2563.69,1001.79,2951.81,91.82
16-02-2025,2594.83,1001.48,2859.96,91.82
17-02-2025,2452.74,956.38,2982.7,91.82
18-02-2025,2391.98,947.48,3053.35,91.82
19-02-2025,2157.58,933.4,3020.11,91.82
20-02-2025,2001.75,916.42,2825.01,91.82
21-02-2025,2034.87,915.3,2885.77,91.82
22-02-2025,2033.71,909.33,2804.33,91.82
23-02-2025,2008.57,917.26,2832.48,91.82
24-02-2025,2084.99,904.01,2906.99,91.82
25-02-2025,2055.44,914.34,2775.22,91.82
26-02-2025,1996.83,909.54,2763.55,91.82
27-02-2025,1995.48,918.5,2712.31,91.82
28-02-2025,2022.9,929.18,2741.01,91.82
01-03-2025,1982.17,918.72,2721.29,91.82
02-03-2025,2082.27,955.69,2714.28,91.82
03-03-2025,1968.88,955.3,2713.56,91.82
04-03-2025,2032.52,974.76,2682.39,91.82
05-03-2025,1978.79,990.94,2729.2,91.82
06-03-2025,1856.94,974.14,2652.82,91.82
07-03-2025,1865.01,995.45,2620.04,91.82
08-03-2025,1616.15,987.92,2470.98,91.82
09-03-2025,1569.03,980.78,2536.36,91.82
10-03-2025,1360.72,991.27,2551.8,91.82
11-03-2025,1308.32,986.14,2481.37,91.82
12-03-2025,1291.76,1003.36,2503.62,91.82
13-03-2025,1336.56,991.37,2513.76,91.82
14-03-2025,1254.34,1011.14,2457.53,91.82
15-03-2025,1373.47,998.62,2314.15,91.82
16-03-2025,1465.82,1008.12,2422.2,91.82
17-03-2025,1352.13,1018.77,2373.37,91.82
18-03-2025,1376.76,1008.83,2267.59,91.82
19-03-2025,1333.6,1036.56,2270.44,91.82
20-03-2025,1307.43,1032.31,2303.38,91.82
21-03-2025,1248.63,1033.38,2244.77,91.82
22-03-2025,1252.4,1042.02,2237.37,91.82
23-03-2025,1364.41,1025.68,2225.41,91.82
24-03-2025,1322.78,1020.66,2074.55,91.82
25-03-2025,1391.63,1031.11,2131.89,91.82
26-03-2025,1373.88,1028.01,2093.44,91.82
27-03-2025,1294.55,1102.36,2062.23,91.82
28-03-2025,1230.81,1027.08,2029.92,91.82
29-03-2025,1218.91,1010.06,2040.24,91.82
30-03-2025,1298.18,1017.92,1971.17,91.82
31-03-2025,1253.89,997.55,2003.33,91.82
01-04-2025,1292.29,1029.03,2046.8,91.82
02-04-2025,1205.69,1050.23,1997.83,91.82
03-04-2025,1199.74,1050.66,2048.99,91.82
04-04-2025,1185.64,1079.33,2002.25,91.82
05-04-2025,1189.78,1095.48,2006.41,91.82
06-04-2025,1201.52,1092.37,2024.82,91.82
07-04-2025,1175.52,1101.96,2011.46,91.82
08-04-2025,1134.42,1101.71,1996.28,91.82
09-04-2025,1119.96,1132.52,2057.82,91.82
10-04-2025,1058.88,1123.19,2050.9,91.82
11-04-2025,1019.32,1129.3,1972.4,91.82
12-04-2025,964.73,1133,1983.7,91.82
13-04-2025,979.59,1140.09,2007.83,91.82
14-04-2025,1016.86,1113.95,1963.14,91.82
15-04-2025,979.03,1142.28,2069.2,91.82
16-04-2025,1044.35,1125.25,1953.28,91.82
17-04-2025,1056.03,1131.19,1957.42,91.82
18-04-2025,1025.54,1126.3,1950.95,91.82
19-04-2025,996.78,1174.51,1885.77,91.82
20-04-2025,1007.01,1172.75,1913.66,91.82
21-04-2025,1066.82,1177.38,1834.56,91.82
22-04-2025,1078.33,1183.15,1852.28,91.82
23-04-2025,1076.24,1193.25,1849.43,91.82
24-04-2025,1073.35,1217.58,1824,91.82
25-04-2025,1032.98,1193.53,1825.64,91.82
26-04-2025,1017,1198.44,1816.65,91.82
27-04-2025,938.45,1204.18,1825.51,91.82
28-04-2025,1032.29,1218.21,1790.13,91.82
29-04-2025,985.32,1197.85,1755.44,91.82
30-04-2025,981.53,1249.22,1777.59,91.82
01-05-2025,1026.04,1216.92,1767.79,91.82
02-05-2025,980.04,1240.31,1765.05,91.82
03-05-2025,975.75,1227.48,1761.6,91.82
04-05-2025,972.62,1265.78,1756.16,91.82
05-05-2025,982.92,1288.88,1746.29,91.82
06-05-2025,1006.96,1293.74,1755.09,91.82
07-05-2025,1002.18,1287.7,1731.63,91.82
08-05-2025,993.48,1331.04,1779.66,91.82
09-05-2025,1001.5,1325.76,1789.57,91.82
10-05-2025,983.12,1339.53,1699.32,91.82
11-05-2025,1027.82,1330.5,1727.16,91.82
12-05-2025,1049.91,1328.39,1691.57,92.02
13-05-2025,1016.04,1320.82,1677.86,92.02
14-05-2025,1016.04,1332.53,1731.31,92.02
15-05-2025,1033.48,1377.75,1732.22,92.02
16-05-2025,1003.59,1342.02,1725.67,92.02
17-05-2025,996.28,1439.09,1708.89,92.02
18-05-2025,1020.93,1363.47,1713.15,92.02
19-05-2025,998.47,1367.83,1755.55,92.02
20-05-2025,989.65,1398.22,1717.04,92.02
21-05-2025,1019.67,1366.15,1735.25,92.02
22-05-2025,1033.64,1371.94,1730.69,92.02
23-05-2025,1034.95,1346.65,1684.59,92.02
24-05-2025,1099.87,1353.58,1704.99,92.02
25-05-2025,1188.79,1360.23,1709.27,92.02
26-05-2025,1167.57,1345.62,1707.96,92.02
27-05-2025,1193.61,1359.71,1658.29,92.02
28-05-2025,1222.72,1387.3,1677.67,92.02
29-05-2025,1243.01,1343.34,1657.32,92.02
30-05-2025,1237.67,1344.43,1686.81,92.02
31-05-2025,1146.96,1318.56,1750.05,92.02
01-06-2025,1037.29,1366.82,1729.2,92.02
02-06-2025,1128.13,1356.79,1725.45,92.02
03-06-2025,1195.1,1376.04,1756.16,92.02
04-06-2025,1219.52,1358.62,1683.27,92.02
05-06-2025,1225.64,1372.34,1689.6,92.02
06-06-2025,1308.11,1331.15,1690.87,92.02
07-06-2025,1389.77,1340.32,1689.65,92.02
08-06-2025,1270.31,1355.86,1665.41,92.02
09-06-2025,1407.8,1352.71,1684.69,92.02
10-06-2025,1422.35,1346.25,1679.51,92.02
11-06-2025,1460.73,1346.88,1679.42,92.02
12-06-2025,1435,1358.07,1744.48,92.02
13-06-2025,1423.31,1382.29,1752.75,92.02
14-06-2025,1431.03,1338.3,1767.55,92.02
15-06-2025,1347.63,1327.09,1742.22,92.02
16-06-2025,1396.85,1339.68,1821.87,92.02
17-06-2025,1387.29,1441.81,1819.44,92.02
18-06-2025,1402.39,1329.19,1920.03,92.02
19-06-2025,1379.63,1340.31,1847.58,92.02
20-06-2025,1410.12,1340.7,1841.82,92.02
21-06-2025,1375.36,1352.06,1880.38,92.02
22-06-2025,1476.73,1351.17,1865.62,92.02
23-06-2025,1423.64,1341.56,1956.7,92.02
24-06-2025,1411.59,1312.77,1921.84,92.02
25-06-2025,1387.66,1316.69,1812.22,92.02
26-06-2025,1371.35,1367.17,1920.37,92.02
27-06-2025,1370.67,1354.07,1943.74,92.02
28-06-2025,1370.73,1312.23,1887.17,92.02
29-06-2025,1423.14,1370.61,1886.96,92.02
30-06-2025,1380.4,1328.77,1954.53,92.02
01-07-2025,1362.93,1324.5,1978.48,92.02
02-07-2025,1342.21,1300.67,1992.12,92.02
03-07-2025,1318.82,1310.94,1993.53,92.02
04-07-2025,1314.07,1358.31,1946.53,92.02
05-07-2025,1311.5,1305.69,2013.86,92.02
06-07-2025,1435.14,1357.13,2037.46,92.02
07-07-2025,1305.86,1312.26,2048.01,92.02
08-07-2025,1333.66,1350.7,1958.58,92.02
09-07-2025,1305.42,1309.1,2009.9,92.02
10-07-2025,1281.02,1300.97,1990.97,92.02
11-07-2025,1291.25,1299.46,2035.55,92.02
12-07-2025,1212.21,1318.54,1992.57,92.02
13-07-2025,1311.51,1292.24,2015.84,92.02
14-07-2025,1444.27,1266.85,1978.85,92.02
15-07-2025,1266.88,1319.12,2022.64,92.02
16-07-2025,1265.84,1268.68,2030.72,92.02
17-07-2025,1261.91,1387.93,2012.49,92.02
18-07-2025,1241.2,1300.81,1968.29,92.02
19-07-2025,1176.3,1225.65,1992.93,92.02
20-07-2025,1167.76,1248.43,2050.3,92.02
21-07-2025,1216.48,1261.15,1955.8,92.02
22-07-2025,1243.08,1257.34,1992.1,92.02
23-07-2025,1222.88,1230.38,1988.08,92.02
24-07-2025,1160.06,1238.98,1913.97,92.02
25-07-2025,1183.2,1270.15,2015.98,92.02
26-07-2025,1151.59,1219.76,1976.02,92.02
27-07-2025,1268.73,1228.4,1933.1,92.02
28-07-2025,1194.63,1200.11,1923.42,92.02
29-07-2025,1163.12,1189.7,1896.29,92.02
30-07-2025,1209.81,1178.47,1896.01,92.02
31-07-2025,1155.43,1178.69,1869.24,92.02
01-08-2025,1163.77,1201.71,1916.95,92.02
02-08-2025,1185.07,1192.51,1849.28,92.02
03-08-2025,1183.91,1197.96,1853.65,92.02
04-08-2025,1138.33,1210.83,1857.35,92.02
05-08-2025,1166.98,1210.91,1901.47,92.02
06-08-2025,1155.01,1210.45,1909.55,92.02
07-08-2025,1169.62,1206.85,1909.05,92.02
08-08-2025,1206.17,1210.14,1904.86,92.02
09-08-2025,956.98,1205.04,1926.66,92.02
10-08-2025,1218.64,1231.49,1905.37,92.02
11-08-2025,1179.06,1205.48,1905.89,92.02
12-08-2025,1310.65,1245.87,1888.35,92.02
13-08-2025,1423.8,1266.24,1893.61,92.02
14-08-2025,1435.93,1241.97,1971.33,92.02
15-08-2025,1642.66,1246.54,1934.47,92.02
16-08-2025,1331.22,1269.87,2012.97,92.02
17-08-2025,1341.63,1266.2,1979.1,92.02
18-08-2025,1338.09,1271.4,2107.27,92.02
19-08-2025,1409.7,1246.18,2125.46,92.02
20-08-2025,1380.35,1250.89,2113.51,92.02
21-08-2025,1311.15,1240.22,2116.92,92.02
22-08-2025,1249.33,1236.45,2107,92.02
23-08-2025,1241.28,1243.3,2119.74,92.02
24-08-2025,1202.24,1258.14,2133.59,92.02
25-08-2025,1232.67,1230.56,2130.56,92.02
26-08-2025,1170.98,1232.11,2108.62,92.02
27-08-2025,1154.97,1242.1,2130.08,92.02
28-08-2025,1198.9,1241.78,2066.9,92.02
29-08-2025,1161.08,1230.86,2049.49,92.02
30-08-2025,1202.66,1246.78,2063.25,92.02
31-08-2025,1149.25,1252.51,2069.92,92.02
01-09-2025,1152.36,1244.21,1968.79,92.02
02-09-2025,1204.73,1254.27,1919.84,92.02
03-09-2025,1184.32,1235.64,1905.67,92.02
04-09-2025,1183.24,1270.45,1913.03,92.02
05-09-2025,1172.82,1251.56,1902.69,92.02
06-09-2025,1041.65,1260.08,1896.86,92.02
07-09-2025,1332.58,1259.47,1885.11,92.02
08-09-2025,1158.04,1259.16,1868.53,92.02
09-09-2025,1137.2,1243.49,1893.33,92.02
10-09-2025,1072.01,1252.48,1855.43,92.02
11-09-2025,1044.05,1254.9,1841.71,92.02
12-09-2025,1006.08,1261.34,1835.63,92.02
13-09-2025,960.03,1264.71,1828.12,92.02
14-09-2025,2239.81,1268.09,1814.78,92.02
15-09-2025,1020.71,1241.51,1816.8,92.02
16-09-2025,1120.96,1275.7,1842.71,92.02
17-09-2025,1042.77,1256.73,1848.17,92.02
18-09-2025,1053.05,1267.13,1775.28,92.02
19-09-2025,1011.05,1274.85,1785.92,92.02
20-09-2025,964.86,1272.81,1804.68,92.02
21-09-2025,1050.18,1391.44,1805.48,92.02
22-09-2025,982.09,1264.52,1800.7,92.02
23-09-2025,1070.36,1264.59,1801.21,92.02
24-09-2025,1074.72,1300.76,1865.97,92.02
25-09-2025,1054.45,1304.46,1832.13,92.02
26-09-2025,1054.83,1315.8,1848.62,92.02
27-09-2025,970.39,1283.08,1810.43,92.02
28-09-2025,1166.83,1320.87,1830.2,92.02
29-09-2025,1071.3,1239.45,1820.12,92.02
30-09-2025,1095.99,1247.64,1817.88,92.02
01-10-2025,1117.45,1256.8,1786.18,92.02
02-10-2025,1060.12,1271.76,1832.4,92.02
03-10-2025,1098.04,1311.11,1834.98,92.02
04-10-2025,1079.37,1298.64,1808.51,92.02
05-10-2025,1161.39,1337.49,1774.13,92.02
06-10-2025,1101.81,1305.85,1827.92,92.02
07-10-2025,1110.52,1341.85,1814.65,92.02
08-10-2025,1051.02,1339.78,1818.8,92.02
09-10-2025,1011.49,1349.28,1769.84,92.02
10-10-2025,1140.91,1380.14,1772.22,92.02
11-10-2025,913.95,1359.52,1753.35,92.02
12-10-2025,1127.34,1377.25,1751.6,92.02
13-10-2025,985.97,1376.29,1762.01,92.02
14-10-2025,1022.97,1374.13,1757.65,92.02
15-10-2025,988.52,1388.44,1748.9,92.02
16-10-2025,1012.09,1369.35,1731.8,92.02
17-10-2025,1059.42,1390.97,1728.66,92.02
18-10-2025,939,1389.61,1716.82,92.02
19-10-2025,1039.4,1373.24,1745.18,92.02
20-10-2025,1131.5,1550.33,1710.13,92.02
21-10-2025,944,1389.88,1681.15,92.02
22-10-2025,998.28,1381.66,1707.58,92.02
23-10-2025,874.1,1375.63,1717.99,92.02
24-10-2025,1125.8,1354.3,1694.53,92.02
25-10-2025,1282.04,1403.37,1695.74,92.02
26-10-2025,1464.51,1421.76,1659.43,92.02
27-10-2025,1237.35,1416.48,1639.3,92.02
28-10-2025,1316.13,1385.77,1680.77,92.02
29-10-2025,1313.94,1382.67,1721.2,92.02
30-10-2025,1408.77,1385.77,1666.39,92.02
31-10-2025,1371.97,1392,1663.58,92.02
01-11-2025,1236.05,1391.38,1674.91,92.02
02-11-2025,1406.68,1421.48,1650.4,92.02
03-11-2025,1321.83,1410.57,1699.6,92.02
04-11-2025,1342.42,1310.08,1731.47,92.02
05-11-2025,1318.94,1419.86,1670.24,92.02
06-11-2025,1485.42,1459.42,1757.92,92.02
07-11-2025,1336.23,1363.17,1704.06,92.02
08-11-2025,1254.66,1360.31,1907.8,92.02
09-11-2025,1289.47,1327.57,1790.98,92.02
10-11-2025,1249.01,1352.22,1784.15,92.02
11-11-2025,1278.86,1420.93,1791.4,92.02
12-11-2025,1268.64,1391.48,1736.46,92.02
13-11-2025,1248.52,1382.54,1748.09,92.02
14-11-2025,1254.04,1389.42,1693.76,92.02
15-11-2025,1202.62,1397.46,1690.75,92.02
16-11-2025,1247.62,1377.58,1693,92.02
17-11-2025,1223.8,1372.71,1702.75,92.02
18-11-2025,1245.86,1395.82,1705.86,92.02
19-11-2025,1204.1,1419.4,1694.98,92.02
20-11-2025,1220.08,1417.99,1628.12,92.02
21-11-2025,1128.14,1408.39,1636.01,92.02
22-11-2025,1044.58,1400.94,1642.38,92.02
23-11-2025,1255.17,1438.55,1689.3,92.02
24-11-2025,1062.72,1404.2,1670.16,92.02
25-11-2025,1119.53,1382,1635.52,92.02
26-11-2025,1086.44,1355.07,1631.47,92.02
27-11-2025,1084.67,1350.93,1632.42,92.02
28-11-2025,1058.34,1357.1,1728.78,92.02
29-11-2025,1007.77,1364.84,1526.32,92.02
30-11-2025,1177.58,1297.73,1547.88,92.02
01-12-2025,1140.74,1337.9,1561.02,92.02
02-12-2025,1109.01,1349,1509.93,92.02
03-12-2025,1151.7,1348.74,1491.49,92.02
04-12-2025,1148.95,1332.41,1515.61,92.02
05-12-2025,1261.73,1342.78,1498.56,92.02
06-12-2025,1122.64,1302.38,1508.51,92.02
07-12-2025,1193.79,1293,1527.18,92.02
08-12-2025,1460.71,1296.7,1550.78,92.02
09-12-2025,1610.9,1277.02,1579.14,92.02
10-12-2025,1693.72,1255.34,1581.77,92.02
11-12-2025,1673.35,1267.46,1623.66,92.02
12-12-2025,1750.76,1260.07,1731.99,92.02
13-12-2025,1751.49,1264.01,1784.07,92.02
14-12-2025,1877.59,1266.93,1862.98,92.02
15-12-2025,1924.8,1224.37,2096.86,92.02
16-12-2025,1975.72,1214.97,2068.22,92.02
17-12-2025,1903.48,1199.56,2178.46,92.02
18-12-2025,1671.51,1183.38,2310.61,92.02
19-12-2025,1757.49,1171.32,2187.96,92.02
20-12-2025,1472.38,1169.77,2230.96,92.02
21-12-2025,1461.25,1171.01,2187.03,92.02
22-12-2025,1324.8,1148.81,2098.27,92.02
23-12-2025,1432.9,1129.41,2088.95,92.02
24-12-2025,1390.47,1121.92,2001.09,92.02
25-12-2025,1346.27,1084.07,1925.58,92.02
26-12-2025,1485.45,1097.73,1979.08,92.02
27-12-2025,1485.98,1119.33,1984.13,92.02
28-12-2025,1854.96,1127.46,1908.92,92.02
29-12-2025,1659.87,1085.61,2017.77,92.02
30-12-2025,1575.77,1099.52,2083.43,92.02
31-12-2025,1563.69,1068.29,2091.82,92.02
01-01-2026,1519.15,1052.07,2109.64,92.02
02-01-2026,1461.11,1019.22,2114.15,92.02
03-01-2026,1384.81,1060.6,2188.21,92.02
04-01-2026,1440.53,1110.85,2193.77,92.02
05-01-2026,1239.89,1040.66,2236.31,92.02
06-01-2026,1311.52,1059.59,2093.83,92.02
07-01-2026,1330.57,1054.73,2181.83,92.02
08-01-2026,1294.8,1054.19,2144.87,92.02
09-01-2026,1310.71,1069.32,2130.6,92.02
10-01-2026,1219.67,1103.78,2428.27,92.02
11-01-2026,1439.95,1077.81,2077,92.02
12-01-2026,1289.13,1075.82,2127.81,92.02
13-01-2026,1383.89,1080.48,2106.49,92.02
14-01-2026,1306.85,1083.19,2073.43,92.02
15-01-2026,1349.52,1095.2,2082.41,92.02
16-01-2026,1303.83,1079.05,2056.5,92.02
17-01-2026,1336.88,1046.14,2088.3,92.02
18-01-2026,1430.13,1078.66,2025.96,92.02
19-01-2026,1368.46,1081.93,2060.73,92.02
20-01-2026,1350.31,1086.17,2097.14,92.02
21-01-2026,1366.12,1090.14,2159.54,92.02
22-01-2026,1351.08,1043.43,2151.94,92.02
23-01-2026,1341.04,1077.51,2066.66,92.02
24-01-2026,1144.2,1055.31,2120.29,92.02
25-01-2026,1295.38,1062.26,2044.09,92.02
26-01-2026,983.95,1071.96,2023.43,92.02
27-01-2026,1180.38,1046.81,2083.29,92.02
28-01-2026,1156.8,1034.95,2058.22,92.02
29-01-2026,1075.39,1009.8,2003.11,92.02
30-01-2026,1049.95,1035.69,2041.4,92.02
31-01-2026,927.49,1015.46,2066.61,92.02
01-02-2026,1131.06,992.94,1993.94,92.02
02-02-2026,988.07,1026.95,2003.13,92.02
03-02-2026,1008,1008.49,1961.43,92.02
04-02-2026,1029.61,1004.1,1976.94,92.02
05-02-2026,1026.92,1008.98,1940.8,92.02
06-02-2026,1024.19,989.41,1925.67,92.02
07-02-2026,1084.77,931.05,1991.75,92.02
08-02-2026,1179.03,909.79,2080.66,92.02
09-02-2026,1096,935.66,1943.85,92.02
10-02-2026,1098.63,948.51,1938.48,92.02
11-02-2026,1085.05,934.74,1953.17,92.02
12-02-2026,1038.22,907.85,1909.42,92.02
13-02-2026,1032.89,905.74,1900.26,92.02
14-02-2026,941.34,893.49,1971.69,92.02
15-02-2026,1177.22,906.26,1939.4,92.02
16-02-2026,938.28,905.07,1926.65,92.02
17-02-2026,1030.59,888.43,1901.16,92.02
18-02-2026,1009.88,863.12,1820.15,92.02
19-02-2026,951.38,879,1864.96,92.02
20-02-2026,986.05,869.8,1870.78,92.02
21-02-2026,969.54,859.41,1798.84,92.02
22-02-2026,1032.46,838.98,1742.47,92.02
23-02-2026,957.34,869.56,1866.21,92.02
24-02-2026,940.01,861.18,1860.07,92.02
25-02-2026,885.46,851.34,1850.85,92.02
26-02-2026,863.79,843.35,1772.36,92.02
27-02-2026,832.37,856.33,1836.8,92.02
28-02-2026,771.27,861.74,1772.4,92.02
01-03-2026,862.25,856.92,1895.21,92.02
02-03-2026,764.05,869.67,1818.85,92.02
03-03-2026,912.27,870.31,1761.78,92.02
04-03-2026,788.94,850.77,1748.4,92.02
05-03-2026,833.88,862.51,1768.33,92.02
06-03-2026,841.55,849.57,1725.9,92.02
07-03-2026,846,848.2,1669.07,92.02
08-03-2026,983.22,819.99,1626.99,92.02
09-03-2026,871.15,828.08,1697.84,92.02
10-03-2026,875.12,822.24,1704.53,92.02
11-03-2026,868.6,825.26,1676.74,92.02
12-03-2026,866.48,814.5,1613.81,92.02
13-03-2026,854.71,805.45,1636.77,92.02
14-03-2026,772.7,816.99,1645.21,92.02
15-03-2026,982.95,762.24,1474.24,92.02
16-03-2026,797.45,779.78,1636.95,92.02
17-03-2026,827.35,771.34,1591.44,92.02
18-03-2026,848.58,735.9,1534.2,92.02
19-03-2026,839.24,735.08,1561,92.02
20-03-2026,843.49,740.93,1591.84,92.02
21-03-2026,920.14,732.6,1464.47,92.02
22-03-2026,905.7,705.13,1544.03,92.02
23-03-2026,850.82,712.79,1457.66,92.02
24-03-2026,895.51,758.44,1532.54,92.02
25-03-2026,914.18,752.95,1485.59,92.02
26-03-2026,878.6,749.75,1424.66,92.02
27-03-2026,876.85,717.65,1515.93,92.02
28-03-2026,856.22,711.38,1426.65,92.02
29-03-2026,857.23,677.17,1479.4,92.02
30-03-2026,795.46,743.7,1482.43,92.02
31-03-2026,752.22,696.71,1542.72,92.02
